{
  "kl_mc_mean": 261.75,
  "kl_mc_std": 48.34375,
  "kl_exact_mean": 278.25,
  "kl_exact_std": 59.40625,
  "num_samples": 6,
  "timestamp": "20251205_173510"
}