{"base_model_scaling_factor": 27.489933013916016, "ft_model_scaling_factor": 27.12582778930664}